{"Policy/mean_noise_std":0.6959249,"Episode/rew_base_acc":0.0038803325,"_timestamp":1.7374502180063431e+09,"Perf/learning_time":0.06004095,"_step":29403,"Episode/rew_vel_mismatch_exp":0.0934242,"Episode/rew_dof_acc":-0.07756125,"Train/mean_episode_length":1328.58,"Episode/rew_torques":-0.0061703455,"Episode/rew_dof_vel":-0.032414872,"Episode/rew_joint_pos":0.101991646,"Episode/rew_low_speed":-0.0032551945,"Episode/rew_feet_air_time":0.008155382,"global_step":1574,"Train/mean_episode_length/time":1328.58,"Episode/rew_feet_clearance":0.15780546,"Episode/rew_feet_distance":0.10565746,"Episode/rew_collision":-0.00030208338,"Loss/surrogate":4.0327363e-05,"Episode/rew_foot_slip":-0.11798314,"Episode/rew_feet_contact_forces":-0.017061437,"Train/mean_reward":55.53351,"Episode/rew_tracking_ang_vel":0.1094708,"Perf/total_fps":21589,"Loss/value_function":16.836535,"Episode/rew_default_joint_pos":0.0054585957,"Episode/rew_orientation":0.1524234,"Episode/rew_action_smoothness":-0.01566381,"Episode/rew_knee_distance":0.054254003,"Episode/rew_tracking_lin_vel":0.80753946,"Train/mean_reward/time":55.53351,"Perf/collection time":1.6074493,"_runtime":1584.33322951,"Episode/rew_track_vel_hard":-0.06908614,"Loss/learning_rate":0.00025628906,"Episode/rew_feet_contact_number":0.9995549,"_wandb":{"runtime":1584},"Episode/rew_base_height":0.03754839}