{"Episode/rew_default_joint_pos":0.00055933633,"Episode/rew_low_speed":-0.004833382,"Episode/rew_feet_contact_forces":-0.006122154,"Episode/rew_base_height":0.00079364923,"Train/mean_episode_length/time":89.2,"Episode/rew_feet_air_time":0.00029107227,"Episode/rew_knee_distance":0.003964122,"Episode/rew_vel_mismatch_exp":0.004650108,"_runtime":75.050578643,"Episode/rew_foot_slip":-0.0102071725,"Episode/rew_orientation":0.00395366,"Loss/value_function":1.1878709,"Episode/rew_feet_contact_number":0.038176704,"_wandb":{"runtime":75},"Train/mean_episode_length":89.2,"Train/mean_reward":0.7084187,"Episode/rew_tracking_ang_vel":0.004923651,"Episode/rew_dof_vel":-0.0044816053,"Train/mean_reward/time":0.7084187,"Episode/rew_feet_clearance":0.003263903,"Episode/rew_track_vel_hard":-0.012678842,"Policy/mean_noise_std":1.0010012,"Perf/learning_time":0.065537214,"Episode/rew_base_acc":0.00013464017,"_timestamp":1.7372989592055383e+09,"Loss/surrogate":0.001331329,"Episode/rew_feet_distance":0.0071569732,"Episode/terrain_level":9.191668,"Episode/rew_joint_pos":0.0027071433,"Episode/rew_action_smoothness":-0.0016278067,"Loss/learning_rate":0.0003844336,"global_step":70,"Episode/rew_torques":-0.00042191666,"Perf/collection time":4.4638433,"Episode/rew_tracking_lin_vel":0.011037793,"_step":544,"Episode/rew_dof_acc":-0.011855959,"Perf/total_fps":7948,"Episode/rew_collision":-0.00042729336}