{"Train/mean_episode_length/time":118.39,"_step":429,"Episode/rew_foot_slip":-0.011178127,"Episode/rew_action_smoothness":-0.0020169336,"Episode/rew_base_acc":0.0006511219,"_wandb":{"runtime":58},"Episode/rew_dof_vel":-0.09706179,"Episode/rew_tracking_ang_vel":0.007926928,"Episode/rew_base_height":0.00051551504,"Episode/rew_feet_contact_forces":-0.0027258075,"Episode/rew_feet_air_time":0.00067177415,"_timestamp":1.7376558093541832e+09,"Episode/rew_feet_contact_number":0.048778895,"Train/mean_episode_length":118.39,"Episode/rew_default_joint_pos":0.0035959538,"Perf/collection time":4.3388777,"_runtime":58.325198023,"Episode/rew_vel_mismatch_exp":0.005977057,"Loss/value_function":0.027553668,"Episode/rew_track_vel_hard":-0.019862242,"Loss/learning_rate":0.0012974634,"Episode/rew_orientation":0.0058932425,"Train/mean_reward":1.8786592,"Episode/rew_collision":-0.00044022826,"Policy/mean_noise_std":0.99075115,"Loss/surrogate":-0.0009194447,"Train/mean_reward/time":1.8786592,"Episode/rew_low_speed":-0.0063977167,"Episode/rew_knee_distance":0.0048867716,"Episode/rew_tracking_lin_vel":0.023152178,"Episode/rew_feet_distance":0.009197515,"Episode/rew_torques":-0.009819691,"Perf/learning_time":0.06443477,"global_step":56,"Episode/rew_dof_acc":-0.166895,"Perf/total_fps":8175,"Episode/rew_joint_pos":0.021657845,"Episode/rew_feet_clearance":0.005415456}