{"Episode/rew_foot_slip":-0.011550498,"Episode/rew_knee_distance":0.005073172,"Episode/rew_base_height":0.000543561,"Train/mean_reward":1.800111,"Perf/learning_time":0.061415672,"Loss/value_function":0.031039089,"global_step":56,"Episode/rew_joint_pos":0.02280061,"Train/mean_episode_length":120.85,"Episode/rew_low_speed":-0.0070300302,"Episode/rew_feet_contact_number":0.052220523,"Episode/rew_tracking_ang_vel":0.007077004,"_step":561,"Episode/rew_torques":-0.01015929,"Episode/rew_base_acc":0.0006584303,"Episode/rew_collision":-0.00042167117,"Episode/rew_tracking_lin_vel":0.024432007,"Train/mean_reward/time":1.800111,"Loss/learning_rate":0.00086497556,"Episode/rew_feet_clearance":0.0060740714,"Episode/rew_dof_acc":-0.007759705,"Episode/rew_orientation":0.0058237766,"Episode/rew_vel_mismatch_exp":0.0063235355,"Episode/rew_action_smoothness":-0.0020798214,"_timestamp":1.7376549983190265e+09,"_wandb":{"runtime":57},"Perf/total_fps":15836,"Episode/rew_dof_vel":-0.020419711,"Perf/collection time":2.2117925,"_runtime":57.532422567,"Policy/mean_noise_std":0.98805356,"Episode/rew_default_joint_pos":0.0018830587,"Episode/rew_feet_contact_forces":-0.0019958005,"Episode/rew_feet_distance":0.009638217,"Train/mean_episode_length/time":120.85,"Episode/rew_track_vel_hard":-0.017711207,"Episode/rew_feet_air_time":0.0007148908,"Loss/surrogate":0.0015406429}