{"Train/mean_reward/time":2.6640768,"Train/mean_episode_length/time":137.93,"Episode/rew_collision":-0.0004277393,"Episode/rew_orientation":0.006015332,"Episode/rew_tracking_lin_vel":0.032491323,"Train/mean_reward":2.6640768,"Episode/rew_track_vel_hard":-0.012974479,"Episode/rew_base_height":0.00208434,"Episode/rew_action_smoothness":-0.0022489203,"Episode/rew_dof_vel":-0.005193849,"Perf/collection time":1.8713205,"Perf/total_fps":18632,"Episode/rew_tracking_ang_vel":0.010395456,"Episode/rew_feet_air_time":0.0005858393,"Episode/rew_low_speed":-0.0067110173,"global_step":71,"Loss/surrogate":-0.0022832267,"_wandb":{"runtime":72},"Episode/rew_torques":-0.00054950744,"Loss/value_function":0.025301594,"Episode/rew_foot_slip":-0.014791831,"Episode/rew_vel_mismatch_exp":0.008043718,"Episode/rew_default_joint_pos":0.0011144211,"Policy/mean_noise_std":0.9185505,"Loss/learning_rate":0.0005766504,"Episode/rew_feet_contact_forces":-0.0021176264,"Episode/rew_feet_contact_number":0.07479606,"_runtime":72.833065435,"Episode/rew_joint_pos":0.0039269887,"Train/mean_episode_length":137.93,"Episode/rew_dof_acc":-0.0131821055,"Perf/learning_time":0.060816288,"Episode/rew_feet_distance":0.011598459,"_timestamp":1.7373774836798823e+09,"_step":1221,"Episode/rew_knee_distance":0.0060028546,"Episode/rew_base_acc":0.00025628967,"Episode/rew_feet_clearance":0.0073602265}