{"Episode/rew_dof_acc":-0.045549467,"Episode/rew_tracking_lin_vel":0.44709748,"Train/mean_reward/time":17.743313,"Episode/rew_tracking_ang_vel":0.10070266,"_wandb":{"runtime":1772},"Episode/rew_orientation":0.19378857,"Episode/rew_feet_air_time":0.0005798611,"Episode/rew_base_height":0.004933589,"Train/mean_reward":17.743313,"Episode/rew_feet_contact_forces":-0.014441137,"Episode/rew_joint_pos":0.28750592,"_step":33066,"Episode/rew_default_joint_pos":0.056654815,"Train/mean_episode_length":659.48,"Perf/learning_time":0.062092066,"Episode/rew_feet_contact_number":0.23114035,"Loss/surrogate":5.4986507e-05,"Episode/rew_collision":-0.00029513895,"Episode/rew_low_speed":-0.06313476,"Episode/rew_base_acc":0.0035094924,"_runtime":1772.247852721,"Episode/rew_feet_clearance":0.0006597223,"Loss/learning_rate":1.5224388e-05,"_timestamp":1.7375344730541382e+09,"Episode/rew_vel_mismatch_exp":0.08830784,"Train/mean_episode_length/time":659.48,"Episode/rew_track_vel_hard":-0.05141958,"Episode/rew_dof_vel":-0.016195547,"Episode/rew_feet_distance":0.08501188,"Episode/rew_torques":-0.0027613363,"Episode/rew_action_smoothness":-0.012014557,"Perf/total_fps":19487,"global_step":1761,"Episode/rew_foot_slip":-0.111417696,"Episode/rew_knee_distance":0.042760104,"Loss/value_function":5.5117917,"Perf/collection time":1.7852712,"Policy/mean_noise_std":0.6561042}