{"Episode/rew_feet_clearance":0.0015763383,"Loss/surrogate":2.0238222e-06,"Train/mean_episode_length":120.49,"Episode/rew_feet_air_time":0.0006756345,"Episode/rew_vel_mismatch_exp":0.008291144,"Episode/rew_joint_pos":0.010973591,"_step":3465,"Episode/rew_foot_slip":-0.018267287,"Episode/rew_default_joint_pos":0.0004342069,"Perf/collection time":1.8685627,"Episode/rew_track_vel_hard":-0.014947084,"Episode/rew_action_smoothness":-0.0022186856,"_wandb":{"runtime":211},"Train/mean_episode_length/time":120.49,"Episode/rew_feet_contact_number":0.051854756,"Train/mean_reward":1.1329957,"_timestamp":1.7377002671174216e+09,"Episode/rew_base_acc":0.0008213362,"_runtime":211.950310994,"global_step":210,"Episode/rew_torques":-0.009381902,"Episode/rew_dof_vel":-0.015772052,"Loss/value_function":3.2885728e+06,"Perf/total_fps":18638,"Episode/rew_feet_contact_forces":-0.0053251237,"Episode/rew_base_height":0.0007257215,"Episode/rew_orientation":0.007448912,"Episode/rew_collision":-0.00041956024,"Loss/learning_rate":0.01,"Episode/rew_dof_acc":-0.006367661,"Train/mean_reward/time":1.1329957,"Perf/learning_time":0.06290054,"Episode/rew_low_speed":-0.008068847,"Policy/mean_noise_std":0.9932615,"Episode/rew_feet_distance":0.014715366,"Episode/rew_tracking_ang_vel":0.008792901,"Episode/rew_knee_distance":0.008312944,"Episode/rew_tracking_lin_vel":0.014397047}