{"Train/mean_reward":1.8944994,"Episode/rew_dof_acc":-0.006305508,"Episode/rew_feet_contact_number":0.06655304,"_timestamp":1.7377138446601415e+09,"Train/mean_episode_length/time":137.01,"_step":1187,"_wandb":{"runtime":87},"Episode/rew_action_smoothness":-0.002280842,"Episode/rew_feet_contact_forces":-0.006293909,"Episode/rew_tracking_ang_vel":0.009188568,"_runtime":87.056307692,"Perf/learning_time":0.060967684,"global_step":85,"Episode/rew_base_acc":0.00085690327,"Episode/rew_low_speed":-0.008329768,"Episode/rew_dof_vel":-0.01604646,"Episode/rew_feet_air_time":0.0008185053,"Episode/rew_orientation":0.007070237,"Episode/rew_torques":-0.009553444,"Episode/rew_joint_pos":0.013141866,"Episode/rew_vel_mismatch_exp":0.008229971,"Episode/rew_feet_clearance":0.0017897931,"Train/mean_reward/time":1.8944994,"Episode/rew_track_vel_hard":-0.014345911,"Perf/total_fps":19127,"Episode/rew_base_height":0.00063229416,"Episode/rew_foot_slip":-0.017093599,"Loss/surrogate":0.00472257,"Episode/rew_default_joint_pos":0.0013789849,"Episode/rew_tracking_lin_vel":0.016681032,"Episode/rew_collision":-0.00041840287,"Loss/learning_rate":0.00025628906,"Loss/value_function":3.498239,"Perf/collection time":1.8211732,"Episode/rew_feet_distance":0.015524431,"Policy/mean_noise_std":0.9942147,"Train/mean_episode_length":137.01,"Episode/rew_knee_distance":0.008324173}