{"Train/mean_reward/time":17.328394,"Episode/rew_knee_distance":0.020396253,"Perf/collection time":1.9804611,"_runtime":6309.632488603,"Loss/surrogate":-0.0015420478,"Episode/rew_tracking_ang_vel":0.055191822,"Episode/rew_feet_air_time":0.004435893,"Episode/rew_feet_contact_forces":-0.0036910113,"Episode/rew_joint_pos":0.038185325,"Loss/value_function":0.14293833,"Episode/rew_feet_contact_number":0.3635831,"Episode/rew_tracking_lin_vel":0.2984825,"Episode/rew_orientation":0.013432919,"Episode/rew_feet_clearance":0.35268092,"Episode/rew_base_height":0.013139892,"_step":99033,"Episode/rew_low_speed":0.0047367467,"Episode/rew_dof_acc":-0.06921242,"Episode/rew_default_joint_pos":-0.0008801739,"Policy/mean_noise_std":0.40673932,"Train/mean_episode_length/time":418.8,"_timestamp":1.7376938055270517e+09,"Train/mean_episode_length":418.8,"Episode/rew_feet_distance":0.029985284,"Episode/rew_foot_slip":-0.1415587,"Episode/rew_vel_mismatch_exp":0.036662005,"Episode/rew_dof_vel":-0.18980952,"Perf/learning_time":0.058270693,"Episode/rew_track_vel_hard":-0.022523992,"Episode/rew_collision":-0.0005798754,"Episode/rew_base_acc":0.0026639537,"Episode/rew_torques":-0.042992968,"Loss/learning_rate":7.59375e-05,"Train/mean_reward":17.328394,"Episode/rew_action_smoothness":-0.0031767476,"global_step":6281,"Perf/total_fps":17658,"_wandb":{"runtime":6309}}