{"Loss/surrogate":0,"Train/mean_episode_length":46.753246,"Perf/collection time":1.9420152,"Episode/rew_base_height":0.00019362321,"Train/mean_reward":0.43904102,"_timestamp":1.7363461495236974e+09,"Episode/rew_feet_air_time":0.00014107476,"Episode/rew_base_acc":4.5617202e-05,"Episode/rew_orientation":0.0020663375,"Episode/terrain_level":9.339845,"Episode/rew_feet_contact_number":0.011278638,"Loss/learning_rate":0.00025628906,"_wandb":{"runtime":5},"Episode/rew_feet_contact_forces":-0.001999772,"Episode/rew_tracking_lin_vel":0.004936435,"Episode/rew_feet_clearance":0.00066331035,"Perf/total_fps":31011,"Policy/mean_noise_std":1,"Episode/rew_dof_acc":-0.0040398045,"_runtime":5.406459109,"global_step":1,"Episode/rew_knee_distance":0.0012902884,"Episode/rew_collision":-0.00014610618,"Train/mean_reward/time":0.43904102,"Episode/rew_joint_pos":0.008266733,"Episode/rew_foot_slip":-0.0025469116,"Train/mean_episode_length/time":46.753246,"Episode/rew_tracking_ang_vel":0.0012808908,"Episode/rew_dof_vel":-0.0015945063,"_step":33,"Episode/rew_torques":-0.00015263853,"Perf/learning_time":0.039191723,"Episode/rew_default_joint_pos":0.0003038562,"Episode/rew_action_smoothness":-0.00050390884,"Episode/rew_low_speed":-0.0018772363,"Episode/rew_feet_distance":0.0023351603,"Episode/rew_track_vel_hard":-0.0045053475,"Episode/rew_vel_mismatch_exp":0.0010557895,"Loss/value_function":Infinity}