{"Episode/rew_vel_mismatch_exp":0.13015197,"Episode/rew_feet_clearance":0.41750482,"_runtime":1029.800249762,"_step":17000,"Episode/rew_knee_distance":0.06190528,"Episode/rew_action_smoothness":-0.0074090576,"global_step":1024,"Episode/rew_low_speed":-0.004763072,"Episode/rew_feet_air_time":0.012506281,"Loss/surrogate":0.00031519562,"Train/mean_reward/time":88.27434,"Episode/rew_tracking_lin_vel":0.507744,"Policy/mean_noise_std":0.43565476,"Episode/rew_torques":-0.009439114,"Episode/rew_dof_vel":-0.063440226,"Perf/total_fps":32319,"_timestamp":1.7363482347428722e+09,"Episode/rew_default_joint_pos":0.051118027,"Episode/rew_collision":-0.0002002315,"Loss/value_function":0.43062755,"Train/mean_episode_length":1651.16,"Episode/rew_feet_contact_number":1.3603163,"Episode/rew_dof_acc":-0.048998818,"Episode/rew_base_acc":0.009042075,"Episode/rew_tracking_ang_vel":0.16301152,"Perf/collection time":1.8640802,"Episode/rew_feet_contact_forces":-0.05024502,"Episode/rew_track_vel_hard":-0.055358723,"Loss/learning_rate":0.00017085938,"_wandb":{"runtime":1029},"Episode/rew_foot_slip":-0.105129674,"Episode/rew_joint_pos":0.6256268,"Episode/rew_base_height":0.00409008,"Episode/rew_feet_distance":0.120637454,"Train/mean_reward":88.27434,"Episode/terrain_level":9.339845,"Episode/rew_orientation":0.22507529,"Perf/learning_time":0.036934853,"Train/mean_episode_length/time":1651.16}