{"Episode/rew_joint_pos":0.015138418,"Train/mean_reward/time":2.970221,"Train/mean_episode_length":133.14,"Episode/rew_base_height":0.0005614055,"_runtime":43.669625799,"Episode/rew_torques":-0.00050714466,"Episode/rew_action_smoothness":-0.0022648757,"Episode/rew_low_speed":-0.006933212,"Episode/rew_feet_contact_forces":-0.0025594647,"Loss/value_function":0.032343376,"Episode/rew_tracking_lin_vel":0.04465284,"Episode/rew_default_joint_pos":0.0009975622,"Episode/rew_orientation":0.0067324704,"_wandb":{"runtime":43},"Episode/rew_vel_mismatch_exp":0.008628061,"Loss/learning_rate":0.00025628906,"Episode/rew_feet_distance":0.010703262,"Policy/mean_noise_std":0.9670882,"Episode/rew_feet_clearance":0.0058218483,"Train/mean_reward":2.970221,"Train/mean_episode_length/time":133.14,"Episode/rew_dof_acc":-0.0137130385,"Episode/rew_feet_air_time":0.0004737327,"Perf/collection time":1.8220675,"Loss/surrogate":-0.0031190147,"Episode/rew_feet_contact_number":0.06627812,"Perf/learning_time":0.06285262,"Episode/rew_collision":-0.0004289931,"Episode/rew_track_vel_hard":-0.013651703,"Episode/rew_tracking_ang_vel":0.008237521,"Episode/rew_dof_vel":-0.0051853317,"Perf/total_fps":19098,"Episode/rew_knee_distance":0.005564586,"_step":726,"Episode/rew_foot_slip":-0.014304011,"global_step":41,"Episode/rew_base_acc":0.00021648979,"_timestamp":1.7375326420983527e+09}