{"Episode/rew_default_joint_pos":-0.0005568222,"Episode/rew_feet_contact_forces":-0.024156444,"global_step":372,"Episode/rew_tracking_ang_vel":0.09536209,"Loss/surrogate":0.000525092,"Train/mean_reward":45.600655,"Loss/learning_rate":0.00025628906,"Episode/rew_base_height":0.034871906,"Train/mean_episode_length/time":1250.83,"_step":7623,"Perf/total_fps":22346,"Train/mean_episode_length":1250.83,"Episode/rew_feet_distance":0.09802577,"Episode/rew_dof_acc":-0.08188168,"Episode/rew_torques":-0.015186149,"Episode/rew_tracking_lin_vel":0.4012489,"Episode/rew_foot_slip":-0.10871305,"_timestamp":1.7373678062244282e+09,"Episode/rew_joint_pos":0.10127027,"Episode/rew_base_acc":0.0035441103,"_wandb":{"runtime":378},"Episode/rew_vel_mismatch_exp":0.08339792,"Perf/learning_time":0.06387901,"Episode/rew_action_smoothness":-0.019823322,"Policy/mean_noise_std":0.75319016,"Episode/rew_knee_distance":0.052127793,"_runtime":378.605142627,"Perf/collection time":1.5470977,"Episode/rew_collision":-0.00028472228,"Episode/rew_low_speed":-0.026452933,"Train/mean_reward/time":45.600655,"Episode/rew_feet_clearance":0.19136383,"Episode/rew_feet_air_time":0.009280181,"Episode/rew_feet_contact_number":1.0233129,"Episode/rew_track_vel_hard":-0.09004322,"Episode/rew_orientation":0.10154481,"Loss/value_function":63.836426,"Episode/rew_dof_vel":-0.03555965}