{"Episode/rew_low_speed":-0.02075332,"Episode/rew_dof_acc":-0.05397553,"Perf/learning_time":0.0630815,"Episode/rew_foot_slip":-0.043555092,"Loss/value_function":1.8648047,"Episode/rew_tracking_lin_vel":0.13789661,"Episode/rew_action_smoothness":-0.0028367909,"Episode/rew_default_joint_pos":0.0042172195,"Episode/rew_tracking_ang_vel":0.030411918,"Train/mean_reward/time":23.954943,"_runtime":28359.717608514,"global_step":28299,"Episode/rew_base_height":0.0052707903,"Perf/total_fps":15420,"Episode/rew_feet_clearance":0.06513886,"_step":60720,"Episode/rew_feet_contact_number":0.2211781,"Episode/rew_joint_pos":0.050879512,"Episode/rew_feet_contact_forces":-0.0008816211,"Train/mean_episode_length":670.26,"Episode/rew_vel_mismatch_exp":0.023776444,"Perf/collection time":2.2714646,"Episode/rew_orientation":0.03110455,"Episode/rew_torques":-0.029849565,"Episode/rew_knee_distance":0.015229572,"Loss/learning_rate":1e-05,"Episode/rew_feet_air_time":0.0027184032,"Episode/rew_feet_distance":0.026059717,"Train/mean_reward":23.954943,"Train/mean_episode_length/time":670.26,"Episode/rew_track_vel_hard":-0.023731146,"Policy/mean_noise_std":0.49111623,"Loss/surrogate":0.0138975475,"Episode/rew_collision":-0.00043750004,"Episode/rew_dof_vel":-0.15098509,"_timestamp":1.737686081752817e+09,"Episode/rew_base_acc":0.0020653168,"_wandb":{"runtime":28359}}