{"_timestamp":1.7375628828312328e+09,"Episode/rew_feet_air_time":0.00019336937,"Episode/rew_joint_pos":0.007021066,"Episode/rew_action_smoothness":-0.0014844558,"Train/mean_reward":0.7170396,"Episode/rew_vel_mismatch_exp":0.0052089323,"_wandb":{"runtime":7},"Episode/rew_feet_contact_number":0.015964547,"Episode/rew_default_joint_pos":0.003615082,"Episode/rew_torques":-0.0067450665,"Episode/rew_feet_clearance":0.002010175,"Loss/learning_rate":0.00017085938,"Train/mean_reward/time":0.7170396,"Episode/rew_collision":-0.00042722037,"Train/mean_episode_length/time":95.71,"Episode/rew_track_vel_hard":-0.009396355,"global_step":4,"Episode/rew_feet_distance":0.007056833,"Episode/rew_foot_slip":-0.005484897,"Perf/collection time":2.1154635,"Perf/total_fps":19131,"Episode/rew_dof_acc":-0.0070122466,"Episode/rew_dof_vel":-0.012887077,"Episode/rew_tracking_ang_vel":0.0062007573,"Loss/surrogate":-0.0018476589,"_step":65,"Episode/rew_knee_distance":0.003547094,"Perf/learning_time":0.07991266,"Policy/mean_noise_std":0.9996661,"Episode/rew_base_height":0.00045177343,"Loss/value_function":0.0054359115,"Episode/rew_tracking_lin_vel":0.010065344,"Train/mean_episode_length":95.71,"_runtime":7.484577766,"Episode/rew_low_speed":-0.006117148,"Episode/rew_base_acc":0.00057223695,"Episode/rew_orientation":0.0052465172,"Episode/rew_feet_contact_forces":-0.0011721974}