{"Loss/learning_rate":0.00017085938,"global_step":37,"Episode/rew_vel_mismatch_exp":0.009069202,"Episode/rew_base_height":0.0005555186,"Episode/rew_base_acc":0.00022680503,"Episode/rew_low_speed":-0.007382603,"Episode/rew_dof_vel":-0.005309932,"Episode/rew_default_joint_pos":0.0011788885,"Episode/rew_joint_pos":0.0155385705,"_wandb":{"runtime":39},"Episode/rew_tracking_lin_vel":0.046055272,"_timestamp":1.7375325593582442e+09,"Episode/rew_knee_distance":0.0057459236,"Episode/rew_collision":-0.00042113106,"Episode/rew_feet_clearance":0.005332524,"Perf/total_fps":19248,"Episode/rew_feet_contact_number":0.066421606,"Episode/rew_orientation":0.0072642714,"Episode/rew_action_smoothness":-0.002382784,"Loss/value_function":0.024544686,"Train/mean_episode_length":137.48,"_runtime":39.927990782,"Policy/mean_noise_std":0.9723785,"Perf/learning_time":0.063949585,"Episode/rew_feet_distance":0.011111687,"Episode/rew_track_vel_hard":-0.014044112,"Perf/collection time":1.8063271,"Episode/rew_dof_acc":-0.014061605,"_step":660,"Episode/rew_feet_air_time":0.0004603128,"Episode/rew_feet_contact_forces":-0.0026893036,"Train/mean_reward":2.9893255,"Train/mean_reward/time":2.9893255,"Episode/rew_foot_slip":-0.0149624655,"Episode/rew_tracking_ang_vel":0.008305584,"Loss/surrogate":-0.0025388591,"Train/mean_episode_length/time":137.48,"Episode/rew_torques":-0.0004965594}