{"Episode/rew_feet_air_time":0.012844446,"Episode/rew_dof_acc":-0.11429892,"_timestamp":1.7373633185675528e+09,"Episode/rew_base_height":0.04822082,"Episode/rew_tracking_ang_vel":0.13297495,"Episode/rew_tracking_lin_vel":0.59721285,"Episode/rew_foot_slip":-0.15079552,"Episode/rew_base_acc":0.0050770156,"Episode/rew_torques":-0.020190813,"Loss/learning_rate":0.00017085938,"Episode/rew_collision":-0.0002916667,"Loss/value_function":76.45378,"Episode/rew_knee_distance":0.074005045,"Episode/rew_feet_contact_forces":-0.027740087,"_runtime":3613.83645852,"Train/mean_episode_length/time":1591.2,"Train/mean_reward/time":57.80664,"Episode/rew_action_smoothness":-0.022873204,"Episode/rew_default_joint_pos":0.0011988202,"Policy/mean_noise_std":0.73303926,"Episode/rew_dof_vel":-0.048957303,"Episode/rew_feet_distance":0.13775194,"_wandb":{"runtime":3613},"Episode/rew_vel_mismatch_exp":0.114425555,"_step":45309,"global_step":3593,"Episode/rew_track_vel_hard":-0.11505072,"Episode/rew_feet_contact_number":1.4359177,"Perf/collection time":2.4085128,"Train/mean_reward":57.80664,"Episode/rew_feet_clearance":0.25666672,"Episode/rew_orientation":0.1426364,"Perf/learning_time":0.06692219,"Perf/total_fps":14542,"Train/mean_episode_length":1591.2,"Episode/rew_joint_pos":0.13308102,"Loss/surrogate":-0.00023428381,"Episode/rew_low_speed":-0.047417857}