{"Episode/rew_joint_pos":0.019315979,"Episode/rew_feet_distance":0.0062633683,"Episode/rew_track_vel_hard":-0.01226512,"Perf/learning_time":0.04095292,"Train/mean_episode_length":85.98,"_runtime":50.70202017,"_step":748,"Episode/rew_feet_contact_number":0.035784658,"_timestamp":1.7363459799132583e+09,"Episode/terrain_level":9.339845,"Episode/rew_feet_air_time":0.00030181382,"Episode/rew_collision":-0.00041966498,"Episode/rew_feet_clearance":0.0036212998,"Episode/rew_dof_vel":-0.0058490355,"Loss/value_function":48.58514,"_wandb":{"runtime":50},"Episode/rew_orientation":0.0035555095,"Loss/surrogate":0.00066379266,"Train/mean_reward":0.96693236,"Episode/rew_foot_slip":-0.009448345,"global_step":47,"Train/mean_episode_length/time":85.98,"Episode/rew_torques":-0.00066176633,"Episode/rew_action_smoothness":-0.0015731917,"Episode/rew_knee_distance":0.00414777,"Episode/rew_base_height":0.0007789962,"Policy/mean_noise_std":0.99766505,"Episode/rew_vel_mismatch_exp":0.0045789205,"Episode/rew_tracking_lin_vel":0.010671877,"Perf/total_fps":27485,"Train/mean_reward/time":0.96693236,"Loss/learning_rate":0.0065684086,"Perf/collection time":2.1944032,"Episode/rew_base_acc":0.00010702278,"Episode/rew_low_speed":-0.0041918745,"Episode/rew_dof_acc":-0.011352929,"Episode/rew_tracking_ang_vel":0.0043263626,"Episode/rew_feet_contact_forces":-0.0061832685,"Episode/rew_default_joint_pos":0.00030049184}