{"Episode/rew_action_smoothness":-0.0016103736,"Episode/rew_orientation":0.0039054048,"Loss/learning_rate":0.00011390625,"Episode/rew_dof_acc":-0.013623856,"_runtime":14.915722303999999,"Train/mean_reward/time":1.2537441,"Perf/total_fps":26056,"Episode/rew_collision":-0.00042071173,"Train/mean_episode_length/time":90.48,"Loss/surrogate":0,"Episode/rew_base_height":0.00085244566,"_timestamp":1.73634474268636e+09,"Train/mean_episode_length":90.48,"Episode/terrain_level":9.325002,"Episode/rew_feet_distance":0.007220943,"Policy/mean_noise_std":0.9967034,"Episode/rew_knee_distance":0.0040767165,"Episode/rew_feet_air_time":0.00027654914,"global_step":11,"Episode/rew_feet_contact_number":0.03438587,"Episode/rew_feet_clearance":0.0030264484,"Episode/rew_track_vel_hard":-0.013454275,"Episode/rew_low_speed":-0.0042630406,"Episode/rew_vel_mismatch_exp":0.00506082,"Episode/rew_foot_slip":-0.010055287,"_step":136,"Perf/learning_time":0.03458929,"Episode/rew_base_acc":0.00011757248,"Loss/value_function":Infinity,"Train/mean_reward":1.2537441,"Episode/rew_default_joint_pos":0.00072196015,"Perf/collection time":2.268136,"Episode/rew_tracking_ang_vel":0.0046632295,"Episode/rew_joint_pos":0.022762941,"_wandb":{"runtime":14},"Episode/rew_feet_contact_forces":-0.005183096,"Episode/rew_dof_vel":-0.00551066,"Episode/rew_torques":-0.0004996521,"Episode/rew_tracking_lin_vel":0.012309929}