{"Loss/value_function":73.56279,"Loss/learning_rate":0.00011390625,"_timestamp":1.7363450755712883e+09,"Train/mean_reward/time":1.4191366,"Perf/collection time":2.328041,"Episode/rew_feet_contact_number":0.032627437,"Episode/rew_default_joint_pos":0.0008353057,"Episode/rew_tracking_ang_vel":0.0046645217,"Episode/rew_collision":-0.00041443715,"Episode/rew_feet_air_time":0.00023534989,"Episode/rew_low_speed":-0.00432029,"_runtime":9.72959655,"Episode/rew_orientation":0.00425502,"Episode/rew_base_height":0.00081291795,"Policy/mean_noise_std":1.0011638,"Episode/rew_dof_vel":-0.0042573093,"Train/mean_episode_length/time":104.53,"Episode/rew_feet_contact_forces":-0.0050559375,"Episode/rew_action_smoothness":-0.001547626,"Episode/rew_track_vel_hard":-0.011955731,"_step":67,"Episode/rew_dof_acc":-0.009733664,"Episode/terrain_level":9.325002,"Train/mean_reward":1.4191366,"_wandb":{"runtime":9},"Loss/surrogate":-0.0011799966,"Episode/rew_vel_mismatch_exp":0.004934136,"Episode/rew_foot_slip":-0.010220866,"Train/mean_episode_length":104.53,"global_step":6,"Episode/rew_base_acc":0.00011930581,"Episode/rew_joint_pos":0.021958787,"Perf/total_fps":25362,"Perf/learning_time":0.03763342,"Episode/rew_feet_distance":0.007099165,"Episode/rew_tracking_lin_vel":0.011910147,"Episode/rew_feet_clearance":0.0028458873,"Episode/rew_torques":-0.00046597281,"Episode/rew_knee_distance":0.003906216}