{"Train/mean_reward/time":0.9508063,"Episode/rew_torques":-0.007960407,"Episode/rew_action_smoothness":-0.0018336796,"Episode/rew_feet_distance":0.011774481,"_runtime":202.006569266,"Episode/rew_joint_pos":0.0086747855,"Episode/rew_collision":-0.0004252894,"Episode/rew_tracking_ang_vel":0.0058364416,"Episode/rew_feet_contact_forces":-0.001218944,"Episode/rew_dof_acc":-1.9968146e+15,"Episode/rew_low_speed":-0.0058450275,"Episode/rew_default_joint_pos":0.0007885258,"Episode/rew_dof_vel":-6.845671e+14,"Policy/mean_noise_std":1.0078808,"Train/mean_episode_length/time":92.97,"Episode/rew_vel_mismatch_exp":0.0052098683,"Episode/rew_foot_slip":-0.43721697,"_wandb":{"runtime":202},"Loss/value_function":1.2842232e+34,"_step":3003,"Episode/rew_base_acc":0.00057570497,"Episode/rew_feet_contact_number":0.04334258,"Episode/rew_orientation":0.005136379,"Loss/learning_rate":0.01,"Episode/rew_feet_air_time":0.000656026,"global_step":198,"Episode/rew_track_vel_hard":-190737.77,"Perf/collection time":2.0512805,"Perf/learning_time":0.067329645,"Episode/rew_knee_distance":0.006540656,"Episode/rew_feet_clearance":0.0013327408,"Episode/rew_tracking_lin_vel":0.010475675,"Train/mean_episode_length":92.97,"Loss/surrogate":0,"Perf/total_fps":16992,"Episode/rew_base_height":0.00038650844,"Train/mean_reward":0.9508063,"_timestamp":1.7376996929091525e+09}