{"Episode/rew_feet_air_time":0.008629602,"Episode/rew_track_vel_hard":-0.059745435,"Policy/mean_noise_std":0.7641578,"Episode/rew_vel_mismatch_exp":0.09319868,"Train/mean_episode_length":1767.86,"Episode/rew_dof_acc":-0.068576835,"Episode/rew_collision":-0.00023263891,"Episode/rew_base_acc":0.004630795,"Train/mean_reward/time":77.39485,"Episode/rew_feet_contact_number":1.013398,"Episode/rew_feet_contact_forces":-0.026637642,"Episode/rew_tracking_lin_vel":0.75932944,"Perf/learning_time":0.07262635,"Episode/rew_low_speed":0.005154999,"_wandb":{"runtime":3769},"Episode/rew_feet_clearance":0.17895152,"_runtime":3769.701479115,"global_step":3745,"Loss/learning_rate":0.0003844336,"Loss/surrogate":-7.4870295e-05,"Episode/rew_joint_pos":0.10058121,"Episode/rew_dof_vel":-0.029431771,"Episode/rew_orientation":0.13065262,"Perf/total_fps":12273,"Train/mean_reward":77.39485,"Episode/rew_knee_distance":0.051615216,"Perf/collection time":2.8604624,"Episode/rew_tracking_ang_vel":0.117044725,"Episode/rew_torques":-0.018295333,"Train/mean_episode_length/time":1767.86,"Episode/rew_foot_slip":-0.11526235,"_step":60852,"Episode/rew_action_smoothness":-0.019715374,"Episode/rew_default_joint_pos":-0.0016541411,"Episode/rew_base_height":0.028521374,"_timestamp":1.7373933974259596e+09,"Loss/value_function":64.172516,"Episode/rew_feet_distance":0.1014287}