{"Episode/rew_joint_pos":0.014867745,"global_step":26,"Episode/rew_orientation":0.005208147,"Episode/rew_base_acc":0.0004004846,"_step":197,"Train/mean_reward/time":0.7685304,"Perf/learning_time":0.06197095,"Loss/value_function":0.015746452,"Episode/rew_dof_vel":-0.04854592,"Episode/rew_vel_mismatch_exp":0.0055015595,"_runtime":31.228494216,"Episode/rew_base_height":0.00052465143,"Loss/surrogate":0.0006906171,"_wandb":{"runtime":31},"Train/mean_episode_length/time":102.92,"Episode/rew_feet_clearance":0.0039532427,"Episode/rew_low_speed":-0.007094759,"Episode/rew_feet_distance":0.007691156,"Episode/rew_track_vel_hard":-0.01544719,"Policy/mean_noise_std":0.99837136,"Train/mean_episode_length":102.92,"Episode/rew_feet_contact_forces":-0.002251843,"_timestamp":1.7376563498573127e+09,"Perf/collection time":4.404038,"Episode/rew_tracking_ang_vel":0.0057470086,"Episode/rew_foot_slip":-0.010409095,"Episode/rew_knee_distance":0.004392755,"Episode/rew_action_smoothness":-0.0017888473,"Episode/rew_feet_contact_number":0.035785947,"Episode/rew_feet_air_time":0.0005844153,"Perf/total_fps":8060,"Train/mean_reward":0.7685304,"Episode/rew_tracking_lin_vel":0.023824189,"Loss/learning_rate":0.0003844336,"Episode/rew_default_joint_pos":0.0013518662,"Episode/rew_torques":-0.011839096,"Episode/rew_dof_acc":-0.01595142,"Episode/rew_collision":-0.00043747303}