{"Episode/rew_knee_distance":0.00993428,"Episode/rew_orientation":0.008636462,"Episode/rew_feet_clearance":0.0015367727,"_runtime":213.082207164,"Train/mean_episode_length/time":145.38,"Episode/rew_foot_slip":-0.019874733,"Episode/rew_feet_contact_number":0.07013396,"Episode/rew_dof_acc":-1.4293403e+17,"Train/mean_episode_length":145.38,"Loss/value_function":1.7811879e+15,"Episode/rew_low_speed":-0.009257484,"Episode/rew_track_vel_hard":-10968.571,"Episode/rew_feet_air_time":0.00095365685,"Episode/rew_dof_vel":-3.5733514e+16,"Loss/surrogate":9.671334e-06,"Episode/rew_torques":-0.012082127,"Perf/total_fps":19199,"Episode/rew_collision":-0.00042055233,"Episode/rew_tracking_lin_vel":0.018641558,"Policy/mean_noise_std":0.9929627,"global_step":209,"_timestamp":1.7377126083490567e+09,"Perf/collection time":1.8136544,"Episode/rew_feet_contact_forces":-0.0064060017,"Episode/rew_tracking_ang_vel":0.010647673,"Episode/rew_joint_pos":0.013423328,"Episode/rew_action_smoothness":-0.002727481,"Episode/rew_feet_distance":0.01775815,"Perf/learning_time":0.061421394,"Episode/rew_base_acc":0.00096944586,"Loss/learning_rate":0.01,"Episode/rew_base_height":0.00064989954,"Episode/rew_default_joint_pos":0.0016014345,"_step":3465,"_wandb":{"runtime":213},"Episode/rew_vel_mismatch_exp":0.009355913,"Train/mean_reward":1.6682501,"Train/mean_reward/time":1.6682501}