{"Episode/rew_foot_slip":-0.044945147,"Episode/rew_torques":-0.028157998,"Episode/rew_base_height":0.0038002229,"Episode/rew_track_vel_hard":-0.017500592,"Perf/total_fps":17103,"_step":11880,"Episode/rew_feet_contact_number":0.13366106,"Episode/rew_dof_vel":-0.16133839,"Episode/rew_feet_clearance":0.008020835,"Episode/rew_tracking_ang_vel":0.028014435,"_runtime":813.393644019,"Train/mean_reward/time":2.7437809,"Episode/rew_collision":-0.00042534727,"Perf/learning_time":0.06282139,"Loss/value_function":0.043504577,"_wandb":{"runtime":813},"Episode/rew_dof_acc":-0.07503567,"Train/mean_episode_length/time":243.87,"Episode/rew_feet_air_time":0.0017890625,"Episode/rew_vel_mismatch_exp":0.020338478,"Episode/rew_joint_pos":0.031296965,"Episode/rew_base_acc":0.0012549856,"Episode/rew_low_speed":-0.006837007,"_timestamp":1.7376575266899655e+09,"Episode/rew_knee_distance":0.012162161,"Episode/rew_orientation":0.012767338,"Episode/rew_tracking_lin_vel":0.14041628,"global_step":808,"Train/mean_episode_length":243.87,"Loss/surrogate":0.0018101393,"Loss/learning_rate":0.00025628906,"Train/mean_reward":2.7437809,"Episode/rew_feet_distance":0.023208583,"Policy/mean_noise_std":0.77618545,"Episode/rew_default_joint_pos":0.0042318003,"Perf/collection time":2.0419512,"Episode/rew_feet_contact_forces":-0.005171934,"Episode/rew_action_smoothness":-0.0041379924}