{"Episode/rew_foot_slip":-0.22879565,"Perf/collection time":1.9637966,"_runtime":3169.411555632,"Episode/rew_base_acc":0.0012792811,"Episode/rew_low_speed":0.002025556,"Episode/rew_base_height":0.004088463,"Episode/rew_action_smoothness":-0.004031606,"Episode/rew_feet_distance":0.02611035,"Episode/rew_dof_vel":-0.15693858,"Episode/rew_vel_mismatch_exp":0.020958178,"Episode/rew_tracking_lin_vel":0.16890982,"Episode/rew_feet_contact_forces":-0.012529716,"Episode/rew_track_vel_hard":-0.020203905,"Train/mean_episode_length/time":403.96,"Episode/rew_joint_pos":0.04877659,"Episode/rew_tracking_ang_vel":0.032504246,"_timestamp":1.7376977456264875e+09,"global_step":3152,"Train/mean_reward/time":8.664396,"Loss/surrogate":0.0046713958,"Loss/learning_rate":0.00017085938,"Perf/learning_time":0.062146425,"_step":50820,"Episode/rew_collision":-0.00042361117,"Episode/rew_feet_air_time":0.0025560767,"Episode/rew_knee_distance":0.013477622,"Train/mean_episode_length":403.96,"Episode/rew_feet_contact_number":0.14067698,"Loss/value_function":0.58502793,"Episode/rew_dof_acc":-0.057802428,"_wandb":{"runtime":3169},"Train/mean_reward":8.664396,"Policy/mean_noise_std":0.5473839,"Episode/rew_orientation":0.017043976,"Episode/rew_feet_clearance":0.12045826,"Episode/rew_default_joint_pos":0.0027529378,"Episode/rew_torques":-0.027780535,"Perf/total_fps":17769}