{"Episode/rew_base_height":0.0007950237,"Train/mean_episode_length/time":105,"Episode/terrain_level":9.325002,"Episode/rew_feet_distance":0.0071012117,"Episode/rew_tracking_lin_vel":0.012056315,"Loss/value_function":7.476846e+29,"Episode/rew_track_vel_hard":-0.01371406,"_timestamp":1.7363450335999508e+09,"Episode/rew_torques":-0.0003743041,"_wandb":{"runtime":13},"Episode/rew_joint_pos":0.021972464,"Episode/rew_collision":-0.00041606367,"Episode/rew_dof_vel":-0.027386691,"Episode/rew_low_speed":-0.0047482513,"Episode/rew_tracking_ang_vel":0.004490531,"Episode/rew_feet_air_time":0.0002441738,"Perf/learning_time":0.04335046,"Episode/rew_orientation":0.0042208456,"global_step":10,"Episode/rew_dof_acc":-0.08954791,"Episode/rew_feet_contact_forces":-0.0046112044,"Episode/rew_foot_slip":-0.010165847,"Episode/rew_default_joint_pos":0.00083700905,"Train/mean_reward":1.4551642,"Policy/mean_noise_std":1,"Episode/rew_knee_distance":0.003931495,"Loss/surrogate":-2.0081643e-09,"Episode/rew_base_acc":0.00011763281,"Loss/learning_rate":0.0065684086,"_runtime":13.80501149,"_step":68,"Episode/rew_vel_mismatch_exp":0.0049550636,"Perf/total_fps":14244,"Train/mean_episode_length":105,"Episode/rew_action_smoothness":-0.0015591766,"Train/mean_reward/time":1.4551642,"Episode/rew_feet_contact_number":0.03290691,"Perf/collection time":4.168889,"Episode/rew_feet_clearance":0.002868757}