{"Episode/rew_track_vel_hard":-0.09048488,"Perf/learning_time":0.09349394,"Train/mean_reward":43.656612,"Episode/rew_knee_distance":0.05405665,"_timestamp":1.7375667789937832e+09,"Episode/rew_vel_mismatch_exp":0.09479195,"Episode/rew_torques":-0.024425302,"Perf/collection time":6.30966,"Loss/surrogate":-0.00021381985,"Episode/rew_dof_vel":-0.11100552,"Perf/total_fps":5622,"Episode/rew_collision":-0.00032986116,"Episode/rew_tracking_lin_vel":0.6117559,"Episode/rew_default_joint_pos":0.010079856,"_step":13166,"Episode/rew_foot_slip":-0.11308061,"Loss/learning_rate":0.00025628906,"Train/mean_episode_length/time":1213.88,"Train/mean_episode_length":1213.88,"Policy/mean_noise_std":0.68668604,"global_step":1846,"Episode/rew_orientation":0.14258999,"Episode/rew_joint_pos":0.30533704,"Episode/rew_tracking_ang_vel":0.104514666,"Episode/rew_low_speed":-0.048997473,"Episode/rew_feet_distance":0.10566909,"Episode/rew_feet_contact_number":0.826808,"Train/mean_reward/time":43.656612,"Episode/rew_action_smoothness":-0.015541421,"_wandb":{"runtime":1857},"Episode/rew_feet_air_time":0.00930868,"Episode/rew_feet_clearance":0.11159021,"Episode/rew_base_acc":0.003731826,"Episode/rew_dof_acc":-0.09272929,"_runtime":1854.548500642,"Episode/rew_feet_contact_forces":-0.011292983,"Episode/rew_base_height":0.028606838,"Loss/value_function":0.115485385}