{"Loss/learning_rate":0.00011390625,"Train/mean_reward":1.4729209,"Episode/rew_knee_distance":0.003922579,"Episode/rew_foot_slip":-0.010100703,"_wandb":{"runtime":8},"Episode/rew_feet_air_time":0.0002496345,"Episode/rew_feet_distance":0.007050154,"Episode/rew_low_speed":-0.004217623,"Episode/rew_default_joint_pos":0.00080623716,"Train/mean_reward/time":1.4729209,"Episode/rew_feet_contact_number":0.033027265,"Perf/total_fps":27340,"Episode/terrain_level":9.325002,"global_step":5,"Train/mean_episode_length":104.85,"Episode/rew_tracking_ang_vel":0.004621363,"Episode/rew_action_smoothness":-0.0015519984,"Episode/rew_feet_clearance":0.0028824226,"Episode/rew_tracking_lin_vel":0.011917982,"Train/mean_episode_length/time":104.85,"Policy/mean_noise_std":1.0015956,"Episode/rew_base_height":0.00080639473,"Episode/rew_orientation":0.004218197,"Episode/rew_track_vel_hard":-0.01201098,"Loss/value_function":Infinity,"_timestamp":1.7363452472327645e+09,"Episode/rew_collision":-0.00041345114,"Perf/collection time":2.1579425,"Episode/rew_feet_contact_forces":-0.0043686503,"Episode/rew_dof_vel":-0.0044438574,"_step":67,"_runtime":8.535156116,"Episode/rew_joint_pos":0.021948516,"Episode/rew_base_acc":0.000120073135,"Episode/rew_vel_mismatch_exp":0.0049218363,"Perf/learning_time":0.036617517,"Episode/rew_torques":-0.00046309395,"Loss/surrogate":0,"Episode/rew_dof_acc":-0.010357113}