{"Episode/rew_feet_clearance":0.004510985,"_wandb":{"runtime":88},"Episode/rew_tracking_ang_vel":0.009235843,"Episode/rew_dof_vel":-0.08803301,"Perf/total_fps":15290,"Episode/rew_orientation":0.0033698266,"Train/mean_reward":0.80268455,"Loss/value_function":0.01130808,"Episode/rew_vel_mismatch_exp":0.008396706,"Episode/rew_knee_distance":0.005804133,"Episode/rew_joint_pos":0.012296519,"Episode/rew_feet_distance":0.010370973,"Episode/rew_low_speed":-0.0054275966,"Loss/learning_rate":0.00086497556,"Episode/rew_feet_contact_forces":-0.0013094958,"global_step":87,"Episode/rew_tracking_lin_vel":0.050088067,"Episode/rew_collision":-0.0004275078,"Train/mean_reward/time":0.80268455,"Policy/mean_noise_std":0.9935583,"_step":726,"Episode/rew_base_height":0.0008674965,"Episode/rew_default_joint_pos":0.0010685343,"Episode/rew_track_vel_hard":-0.0130302925,"_runtime":88.963226455,"Episode/rew_torques":-0.01588018,"Episode/rew_action_smoothness":-0.0023940564,"Episode/rew_feet_air_time":0.0008686981,"Loss/surrogate":-0.00058361655,"Episode/rew_dof_acc":-0.040973578,"Train/mean_episode_length/time":142.52,"Episode/rew_foot_slip":-0.015310239,"_timestamp":1.7376566876653166e+09,"Train/mean_episode_length":142.52,"Episode/rew_feet_contact_number":0.05001476,"Episode/rew_base_acc":0.00037951837,"Perf/learning_time":0.063225985,"Perf/collection time":2.2912526}