{"Train/mean_reward":63.414806,"Perf/total_fps":17531,"Loss/value_function":41.110752,"_runtime":2193.321217882,"Episode/rew_base_acc":0.006258586,"Episode/rew_orientation":0.22797304,"Episode/rew_low_speed":-0.019180352,"Episode/rew_joint_pos":0.08017057,"Episode/rew_feet_contact_number":1.5236943,"Train/mean_episode_length/time":1708.19,"Episode/rew_torques":-0.008987838,"Episode/rew_base_height":0.028981354,"Episode/rew_dof_vel":-0.0470616,"Episode/rew_feet_contact_forces":-0.02107881,"Episode/rew_action_smoothness":-0.022693027,"Episode/rew_tracking_lin_vel":0.5649775,"Loss/surrogate":4.8791844e-06,"Episode/rew_collision":-0.0002615741,"Policy/mean_noise_std":0.69195527,"_step":35739,"Episode/rew_vel_mismatch_exp":0.13472499,"Episode/rew_track_vel_hard":-0.0943219,"Episode/rew_default_joint_pos":0.00017805492,"Episode/rew_feet_air_time":0.013548264,"Perf/learning_time":0.059340477,"Train/mean_reward/time":63.414806,"Episode/rew_feet_distance":0.14516395,"global_step":2178,"Loss/learning_rate":0.0005766504,"Episode/rew_knee_distance":0.07763718,"Episode/rew_foot_slip":-0.15731977,"Episode/rew_tracking_ang_vel":0.17388289,"Episode/rew_feet_clearance":0.28225964,"_timestamp":1.7373083439965234e+09,"Perf/collection time":1.9940729,"Train/mean_episode_length":1708.19,"Episode/rew_dof_acc":-0.111244455,"_wandb":{"runtime":2193}}