{"Episode/rew_knee_distance":0.0055063623,"Episode/rew_feet_distance":0.010584626,"Episode/rew_feet_air_time":0.00044927376,"Episode/rew_vel_mismatch_exp":0.008504001,"Episode/rew_track_vel_hard":-0.016445288,"Train/mean_episode_length":131.31,"Episode/rew_feet_clearance":0.004463625,"Loss/value_function":0.02293516,"Episode/rew_collision":-0.00043203824,"Train/mean_reward":2.6513815,"Loss/learning_rate":0.00025628906,"_runtime":29.383257694,"Train/mean_reward/time":2.6513815,"Episode/rew_tracking_ang_vel":0.008193094,"Episode/rew_feet_contact_forces":-0.0030006585,"Episode/rew_dof_vel":-0.19848946,"Episode/rew_dof_acc":-0.7925267,"Episode/rew_low_speed":-0.007112223,"Perf/collection time":1.8097901,"Episode/rew_base_height":0.00051060587,"Train/mean_episode_length/time":131.31,"Episode/rew_action_smoothness":-0.00223438,"Episode/rew_base_acc":0.00020875013,"Loss/surrogate":-0.0015133577,"_timestamp":1.7375324500155356e+09,"Episode/rew_tracking_lin_vel":0.040980864,"Episode/rew_joint_pos":0.014978574,"_step":495,"Episode/rew_default_joint_pos":0.001081138,"Policy/mean_noise_std":0.9723724,"Perf/total_fps":19227,"global_step":28,"Episode/rew_orientation":0.006784119,"Episode/rew_feet_contact_number":0.0625516,"Perf/learning_time":0.06255579,"Episode/rew_foot_slip":-0.014050638,"Episode/rew_torques":-0.0005513136,"_wandb":{"runtime":29}}