{"Episode/rew_low_speed":-0.0041086767,"Perf/collection time":2.1087115,"Episode/rew_tracking_ang_vel":0.004402591,"Episode/rew_vel_mismatch_exp":0.004737059,"Episode/rew_feet_clearance":0.0031224359,"_timestamp":1.7363453951576397e+09,"Episode/rew_orientation":0.0039015228,"Train/mean_episode_length/time":102.67,"Episode/rew_dof_acc":-0.0097486805,"_step":67,"_wandb":{"runtime":5},"Episode/rew_feet_contact_number":0.03221063,"Episode/rew_feet_air_time":0.0002472124,"Episode/rew_base_height":0.0007269451,"global_step":4,"_runtime":5.634076423,"Train/mean_episode_length":102.67,"Perf/learning_time":0.03913951,"Train/mean_reward/time":1.2686383,"Episode/rew_tracking_lin_vel":0.0110825095,"Episode/rew_torques":-0.000466509,"Perf/total_fps":28605,"Policy/mean_noise_std":0.9997102,"Episode/rew_collision":-0.0004205966,"Episode/rew_base_acc":0.00011908931,"Episode/rew_dof_vel":-0.004244913,"Episode/rew_feet_distance":0.006859147,"Loss/learning_rate":0.00011390625,"Episode/rew_default_joint_pos":0.000730897,"Episode/rew_foot_slip":-0.009807861,"Episode/rew_action_smoothness":-0.0015533364,"Episode/rew_knee_distance":0.003916381,"Train/mean_reward":1.2686383,"Loss/surrogate":-0.0017057993,"Episode/rew_joint_pos":0.022059783,"Episode/rew_feet_contact_forces":-0.0055106585,"Episode/terrain_level":9.339845,"Loss/value_function":22.018639,"Episode/rew_track_vel_hard":-0.012155426}