{"_timestamp":1.7401329113607125e+09,"Loss/surrogate":0.0002879394,"Episode/rew_orientation":0.011797152,"Loss/value_function":0.017726664,"Episode/rew_default_joint_pos":0.0059372466,"Perf/learning_time":0.11176658,"Episode/rew_base_acc":0.00298287,"_runtime":13.095194006,"Episode/rew_low_speed":-0.009997669,"Episode/rew_dof_acc":-0.0033413842,"Episode/rew_action_smoothness":-0.026126303,"Episode/rew_torques":-0.0007878227,"Loss/learning_rate":0.0012974634,"Episode/rew_feet_clearance":0.00023701503,"Episode/rew_tracking_ang_vel":0.024553232,"Episode/rew_feet_distance":0.017932726,"Episode/terrain_level":9.546388,"Episode/rew_feet_air_time":0.0004448776,"Train/mean_episode_length/time":165.73,"Episode/rew_feet_contact_number":0.027597051,"Episode/rew_track_vel_hard":-0.008823095,"Episode/rew_joint_pos":0.016462553,"Episode/rew_dof_vel":-0.0022244803,"global_step":10,"Episode/rew_feet_contact_forces":-0.0038376756,"Perf/collection time":2.666591,"Episode/rew_base_height":0.00086047704,"Episode/rew_foot_slip":-0.01600213,"Episode/rew_knee_distance":0.00952022,"_step":102,"Perf/total_fps":88455,"Episode/rew_tracking_lin_vel":0.03219553,"Episode/rew_vel_mismatch_exp":0.013063889,"Train/mean_episode_length":165.73,"Episode/rew_collision":-0.00043313022,"_wandb":{"runtime":13},"Train/mean_reward":2.6216495,"Train/mean_reward/time":2.6216495,"Policy/mean_noise_std":0.990103}