{"_timestamp":1.7376994811135645e+09,"Episode/rew_foot_slip":-0.013516056,"Episode/rew_feet_air_time":0.0005201028,"Train/mean_reward/time":0.77318704,"global_step":48,"Perf/collection time":1.8861239,"Episode/rew_feet_contact_number":0.035639632,"Episode/rew_knee_distance":0.00612584,"_wandb":{"runtime":49},"_step":660,"Episode/rew_dof_vel":-0.0130307805,"_runtime":49.378334736,"Episode/rew_track_vel_hard":-0.014875571,"Episode/rew_action_smoothness":-0.0016991609,"Episode/rew_dof_acc":-0.005803816,"Perf/learning_time":0.063540936,"Episode/rew_orientation":0.0060342485,"Episode/rew_tracking_lin_vel":0.012137376,"Episode/rew_base_height":0.00040121342,"Episode/rew_feet_distance":0.011619404,"Episode/rew_low_speed":-0.006752854,"Loss/value_function":Infinity,"Episode/rew_base_acc":0.00059538777,"Loss/surrogate":0,"Episode/rew_collision":-0.00041736118,"Episode/rew_tracking_ang_vel":0.0064534824,"Episode/rew_feet_contact_forces":-0.001266251,"Episode/rew_joint_pos":0.010469954,"Loss/learning_rate":0.00011390625,"Perf/total_fps":18464,"Episode/rew_default_joint_pos":0.0013331603,"Episode/rew_feet_clearance":0.001190019,"Train/mean_reward":0.77318704,"Episode/rew_vel_mismatch_exp":0.0053607277,"Policy/mean_noise_std":1.0014493,"Episode/rew_torques":-0.00744969,"Train/mean_episode_length/time":92.42,"Train/mean_episode_length":92.42}