{"_runtime":1012.144669045,"Train/mean_episode_length/time":2051.25,"Episode/rew_base_height":0.009263339,"Perf/total_fps":36353,"Episode/rew_knee_distance":0.12222858,"Episode/rew_feet_distance":0.24116005,"Episode/rew_feet_clearance":0.2619519,"Loss/surrogate":0.0013379778,"Episode/rew_joint_pos":0.6348907,"Episode/rew_feet_contact_number":0.80869055,"Episode/rew_feet_air_time":0.017979113,"Episode/rew_collision":-0.0002118056,"_timestamp":1.7401443759921935e+09,"Episode/rew_low_speed":0.038937446,"Episode/rew_tracking_lin_vel":0.8155855,"_wandb":{"runtime":1012},"Episode/rew_orientation":0.48210427,"Episode/rew_tracking_ang_vel":0.7881684,"Episode/rew_vel_mismatch_exp":0.18859515,"Perf/learning_time":0.041657925,"Episode/rew_dof_vel":-0.030401528,"Episode/rew_torques":-0.017136289,"Train/mean_episode_length":2051.25,"global_step":1003,"Policy/mean_noise_std":0.5368437,"Episode/rew_base_acc":0.062992185,"Episode/terrain_level":9.339845,"Episode/rew_action_smoothness":-0.13850352,"Episode/rew_foot_slip":-0.15758808,"Episode/rew_dof_acc":-0.01689592,"Episode/rew_default_joint_pos":0.084813125,"Train/mean_reward/time":104.655975,"Train/mean_reward":104.655975,"Loss/learning_rate":0.00017085938,"Episode/rew_track_vel_hard":0.018341519,"Perf/collection time":1.6484041,"_step":22406,"Loss/value_function":0.5484441,"Episode/rew_feet_contact_forces":-0.050421137}