{"Perf/learning_time":0.064174175,"global_step":41,"Episode/rew_orientation":0.005722391,"Train/mean_reward":2.0366845,"Episode/rew_torques":-0.009921018,"Episode/rew_tracking_lin_vel":0.028323758,"Episode/rew_dof_vel":-0.020060852,"Train/mean_episode_length/time":115.57,"Episode/rew_tracking_ang_vel":0.0076086475,"Episode/rew_base_height":0.0005750294,"Episode/rew_feet_air_time":0.000690288,"Loss/value_function":0.035979766,"_wandb":{"runtime":42},"_timestamp":1.7376551150110502e+09,"Episode/rew_track_vel_hard":-0.0144901415,"Loss/learning_rate":0.0012974634,"Episode/rew_action_smoothness":-0.0020054374,"Episode/rew_base_acc":0.0007175941,"Episode/rew_feet_clearance":0.0101854075,"Episode/rew_feet_distance":0.009236716,"_step":462,"Train/mean_episode_length":115.57,"Train/mean_reward/time":2.0366845,"Episode/rew_joint_pos":0.022345433,"Episode/rew_dof_acc":-0.006814012,"Episode/rew_vel_mismatch_exp":0.0051701358,"Episode/rew_default_joint_pos":0.004251572,"Episode/rew_low_speed":-0.0072415653,"Episode/rew_collision":-0.00042496977,"Episode/rew_feet_contact_forces":-0.002325653,"Episode/rew_knee_distance":0.0048165377,"Perf/collection time":2.9246871,"Loss/surrogate":-0.0006903937,"Policy/mean_noise_std":0.9920672,"Episode/rew_foot_slip":-0.0096083665,"Perf/total_fps":12044,"Episode/rew_feet_contact_number":0.045768198,"_runtime":42.994305014}