{"_timestamp":1.7363445727254534e+09,"Episode/rew_vel_mismatch_exp":0.003029028,"_runtime":127.752115747,"Perf/learning_time":0.03658676,"Episode/rew_feet_clearance":0.005379575,"Train/mean_reward":-0.8008336,"Train/mean_episode_length/time":102.02,"Loss/learning_rate":0.0012974634,"Episode/rew_base_acc":0.0004887598,"Train/mean_reward/time":-0.8008336,"Perf/collection time":2.5739658,"Loss/surrogate":0.0032963199,"global_step":123,"Episode/rew_foot_slip":-0.009296396,"Episode/rew_collision":-0.00041943928,"Episode/rew_torques":-0.00892334,"Episode/rew_dof_vel":-0.050538067,"Episode/rew_orientation":0.0009072144,"_wandb":{"runtime":128},"Episode/rew_feet_contact_forces":-0.011676559,"Episode/rew_dof_acc":-0.03362201,"Episode/rew_base_height":0.00024410507,"Episode/rew_feet_air_time":0.0006406147,"Episode/rew_knee_distance":0.004623072,"Episode/rew_feet_contact_number":0.03909148,"Policy/mean_noise_std":0.9581374,"Episode/rew_tracking_lin_vel":0.018385109,"Episode/rew_track_vel_hard":-0.0075220848,"Perf/total_fps":22983,"Train/mean_episode_length":102.02,"Loss/value_function":0.013606807,"Episode/rew_joint_pos":0.0016548793,"_step":1631,"Episode/rew_feet_distance":0.0077564386,"Episode/terrain_level":9.325002,"Episode/rew_low_speed":-0.0043546846,"Episode/rew_tracking_ang_vel":0.009506842,"Episode/rew_action_smoothness":-0.0016378581,"Episode/rew_default_joint_pos":0.001448935}