{"Episode/rew_base_acc":0.00080977485,"Episode/rew_feet_air_time":0.0006867617,"_runtime":123.948360237,"Episode/rew_track_vel_hard":-0.01856005,"Episode/rew_feet_distance":0.014872302,"Train/mean_reward":0.66450983,"Episode/rew_tracking_ang_vel":0.008483227,"Episode/rew_low_speed":-0.007830838,"Train/mean_episode_length/time":120.65,"_step":891,"Episode/rew_torques":-0.009678029,"Episode/rew_joint_pos":0.010599317,"Train/mean_episode_length":120.65,"Perf/total_fps":18507,"Episode/rew_base_height":0.00070142985,"Train/mean_reward/time":0.66450983,"_timestamp":1.7377000065493855e+09,"Episode/rew_feet_contact_number":0.051015675,"Episode/rew_action_smoothness":-0.0022461363,"Episode/rew_dof_acc":-0.009878729,"Loss/learning_rate":0.01,"Loss/surrogate":-3.4461846e-05,"Episode/rew_feet_clearance":0.0014156472,"Episode/rew_feet_contact_forces":-0.005698562,"_wandb":{"runtime":123},"Episode/rew_vel_mismatch_exp":0.00837785,"Perf/collection time":1.8828504,"Episode/rew_knee_distance":0.00842799,"Episode/rew_default_joint_pos":0.00038335356,"Episode/rew_orientation":0.0076645603,"global_step":116,"Episode/rew_collision":-0.00041805563,"Loss/value_function":3663.4597,"Policy/mean_noise_std":0.9932966,"Episode/rew_foot_slip":-0.018023483,"Episode/rew_tracking_lin_vel":0.01429436,"Episode/rew_dof_vel":-0.01684231,"Perf/learning_time":0.062342644}