{"_runtime":42.957962682,"Train/mean_episode_length":104.14,"Train/mean_episode_length/time":104.14,"Episode/rew_track_vel_hard":-0.016110212,"Episode/rew_low_speed":-0.0078594955,"Episode/rew_feet_contact_number":0.04360168,"Loss/value_function":0.027049046,"Episode/rew_feet_air_time":0.00063935225,"Episode/rew_vel_mismatch_exp":0.0054765,"Loss/learning_rate":0.00086497556,"global_step":37,"Episode/rew_feet_distance":0.008861714,"_timestamp":1.7376548887356422e+09,"Train/mean_reward/time":1.4941618,"Policy/mean_noise_std":0.9967207,"Episode/rew_action_smoothness":-0.0019418944,"Episode/rew_default_joint_pos":0.004078398,"Episode/rew_foot_slip":-0.010137538,"Episode/rew_base_height":0.00052529725,"Episode/rew_joint_pos":0.022368262,"_wandb":{"runtime":42},"Episode/rew_orientation":0.006037077,"Episode/rew_dof_acc":-0.006597108,"Episode/rew_tracking_lin_vel":0.016507199,"Episode/rew_collision":-0.0004330413,"Perf/learning_time":0.06391454,"Loss/surrogate":0.0003752062,"Episode/rew_feet_contact_forces":-0.0014287413,"Episode/rew_dof_vel":-0.019097023,"_step":297,"Train/mean_reward":1.4941618,"Perf/collection time":4.0400615,"Episode/rew_base_acc":0.0006330721,"Episode/rew_tracking_ang_vel":0.007206662,"Episode/rew_knee_distance":0.0047041806,"Perf/total_fps":8771,"Episode/rew_torques":-0.00937237,"Episode/rew_feet_clearance":0.005205887}