{"Perf/collection time":4.329809,"Train/mean_reward/time":0.7995397,"Episode/rew_feet_contact_number":0.036995478,"Episode/rew_base_height":0.00054849195,"Episode/rew_joint_pos":0.014350734,"Episode/rew_dof_vel":-0.047834225,"Episode/rew_base_acc":0.00038863815,"Perf/learning_time":0.06658816,"Episode/rew_torques":-0.011647513,"Episode/rew_tracking_lin_vel":0.021612935,"Episode/rew_track_vel_hard":-0.014792093,"_runtime":45.451964191,"Episode/rew_dof_acc":-0.015075405,"Train/mean_episode_length/time":102.98,"Episode/rew_foot_slip":-0.010262959,"Episode/rew_feet_distance":0.0075644995,"Loss/value_function":0.01625819,"Perf/total_fps":8188,"Train/mean_reward":0.7995397,"Episode/rew_feet_air_time":0.0006063701,"Episode/rew_feet_contact_forces":-0.0019822335,"Episode/rew_vel_mismatch_exp":0.0053626383,"_timestamp":1.7376562895677733e+09,"Episode/rew_tracking_ang_vel":0.0057458333,"_wandb":{"runtime":45},"Policy/mean_noise_std":0.9967043,"Episode/rew_knee_distance":0.0042855376,"Episode/rew_orientation":0.005164696,"Episode/rew_feet_clearance":0.004358846,"Train/mean_episode_length":102.98,"_step":297,"Episode/rew_default_joint_pos":0.0013463799,"Episode/rew_collision":-0.00043877048,"Loss/surrogate":0.0053994204,"Episode/rew_low_speed":-0.006868284,"global_step":40,"Loss/learning_rate":0.0003844336,"Episode/rew_action_smoothness":-0.001767598}