{"Train/mean_reward":57.77734,"Loss/value_function":57.303543,"Episode/rew_torques":-0.009425408,"Episode/rew_feet_contact_number":0.91394395,"Train/mean_episode_length/time":1446.06,"Episode/rew_orientation":0.09079916,"Episode/rew_dof_acc":-0.066805325,"Episode/rew_feet_contact_forces":-0.019512748,"Episode/rew_track_vel_hard":-0.06225032,"Perf/collection time":1.842206,"Episode/rew_knee_distance":0.045453962,"global_step":2013,"Episode/rew_foot_slip":-0.089775935,"Episode/rew_base_acc":0.0034866866,"Episode/rew_dof_vel":-0.028249336,"Episode/rew_tracking_lin_vel":0.3924875,"Loss/learning_rate":0.00011390625,"Loss/surrogate":1.2800214e-05,"Episode/rew_vel_mismatch_exp":0.072063655,"Episode/rew_base_height":0.033243436,"_runtime":2025.76821106,"Train/mean_reward/time":57.77734,"Episode/rew_collision":-0.00032812505,"_wandb":{"runtime":2025},"Episode/rew_action_smoothness":-0.01553075,"_timestamp":1.7373811034072816e+09,"Episode/rew_default_joint_pos":-0.0008976947,"Perf/learning_time":0.06603503,"Train/mean_episode_length":1446.06,"Episode/rew_low_speed":0.0009129448,"Policy/mean_noise_std":0.7056155,"Episode/rew_joint_pos":0.09079716,"Episode/rew_feet_air_time":0.008333899,"_step":36267,"Episode/rew_tracking_ang_vel":0.09318524,"Episode/rew_feet_clearance":0.1998307,"Perf/total_fps":18865,"Episode/rew_feet_distance":0.08600176}