{"Loss/surrogate":-0.0008127234,"Episode/rew_feet_contact_forces":-0.005106559,"Perf/learning_time":0.039143324,"_wandb":{"runtime":7},"Episode/rew_vel_mismatch_exp":0.0047249403,"Train/mean_episode_length/time":100.41,"Loss/learning_rate":0.0065684086,"Episode/rew_feet_contact_number":0.03258652,"Episode/rew_tracking_ang_vel":0.00436775,"Episode/rew_knee_distance":0.0039623426,"Episode/rew_joint_pos":0.021972924,"Episode/rew_torques":-0.00046360146,"Perf/collection time":1.9855771,"Episode/rew_low_speed":-0.0041739605,"Policy/mean_noise_std":1.0002062,"Loss/value_function":9.179811e+14,"Episode/rew_collision":-0.00041729672,"Episode/rew_dof_acc":-0.018663201,"Episode/rew_feet_clearance":0.003140621,"Episode/rew_foot_slip":-0.009850166,"_step":67,"Episode/rew_tracking_lin_vel":0.011122962,"_timestamp":1.736346416542471e+09,"global_step":3,"Episode/rew_feet_distance":0.0067678774,"Perf/total_fps":30344,"Episode/rew_default_joint_pos":0.0007315987,"Train/mean_reward":1.2503538,"Episode/terrain_level":9.339845,"_runtime":7.007014593,"Train/mean_episode_length":100.41,"Episode/rew_track_vel_hard":-0.012751379,"Train/mean_reward/time":1.2503538,"Episode/rew_base_height":0.00074586587,"Episode/rew_dof_vel":-0.006417582,"Episode/rew_orientation":0.003786108,"Episode/rew_base_acc":0.000119860495,"Episode/rew_feet_air_time":0.0002533068,"Episode/rew_action_smoothness":-0.0015271222}