{"Loss/value_function":82.800385,"Train/mean_episode_length":220.22,"Episode/rew_dof_vel":-0.009521843,"Episode/rew_base_height":0.008375339,"Episode/rew_low_speed":-0.0019817555,"Episode/rew_feet_contact_forces":-0.005743958,"Episode/rew_feet_clearance":0.053330995,"Episode/rew_tracking_ang_vel":0.02265876,"Episode/rew_track_vel_hard":-0.021809889,"Episode/rew_joint_pos":0.025492951,"Episode/rew_feet_air_time":0.0023580159,"Episode/rew_tracking_lin_vel":0.10943596,"Episode/rew_torques":-0.0038535765,"Episode/rew_feet_distance":0.024969503,"Perf/learning_time":0.060247898,"Perf/total_fps":23254,"Episode/rew_vel_mismatch_exp":0.020477593,"_step":198,"_runtime":14.116883737,"Train/mean_reward":6.3811374,"Episode/rew_feet_contact_number":0.25397515,"Episode/rew_dof_acc":-0.020974437,"Loss/learning_rate":5.0625e-05,"_wandb":{"runtime":14},"Episode/rew_collision":-0.00010879632,"Episode/rew_orientation":0.025682632,"Train/mean_reward/time":6.3811374,"Episode/rew_action_smoothness":-0.005019371,"Episode/rew_default_joint_pos":0.00011368043,"Policy/mean_noise_std":0.74812305,"global_step":11,"Episode/rew_foot_slip":-0.026948322,"Loss/surrogate":0.0016920064,"Episode/rew_base_acc":0.0008915611,"Episode/rew_knee_distance":0.013043194,"Train/mean_episode_length/time":220.22,"Perf/collection time":1.48786,"_timestamp":1.737368374055485e+09}