{"Episode/rew_knee_distance":0.06505712,"_step":34617,"_timestamp":1.7373027135544732e+09,"Loss/surrogate":0.00022123364,"Train/mean_episode_length":1584.95,"Episode/rew_joint_pos":0.08794604,"Train/mean_episode_length/time":1584.95,"Loss/learning_rate":5.0625e-05,"Perf/learning_time":0.059559822,"Episode/rew_track_vel_hard":-0.091338016,"Episode/rew_orientation":0.18564714,"Train/mean_reward":57.483627,"Episode/rew_feet_contact_number":1.2994747,"Episode/rew_collision":-0.0002777778,"Perf/total_fps":21154,"Episode/rew_feet_air_time":0.011566928,"global_step":2767,"Episode/rew_tracking_ang_vel":0.13140556,"Episode/rew_base_height":0.021400958,"Episode/rew_base_acc":0.0049480842,"Episode/rew_dof_acc":-0.102740034,"Episode/rew_dof_vel":-0.040866107,"Episode/rew_tracking_lin_vel":0.44578904,"_wandb":{"runtime":2781},"Episode/rew_feet_distance":0.1265965,"Train/mean_reward/time":57.483627,"_runtime":2781.79443488,"Episode/rew_torques":-0.010781859,"Episode/rew_foot_slip":-0.12999555,"Loss/value_function":55.06732,"Episode/rew_default_joint_pos":0.0015302793,"Episode/rew_low_speed":-0.037510473,"Policy/mean_noise_std":0.68859625,"Episode/rew_action_smoothness":-0.020852605,"Episode/rew_vel_mismatch_exp":0.11072813,"Episode/rew_feet_clearance":0.26580983,"Episode/rew_feet_contact_forces":-0.056255907,"Perf/collection time":1.6422}